-- Spotify Database — Schema + Seed Data
-- Projeto 03: SQL Primeiras Queries — GC Data Academy

-- === SCHEMA ===

CREATE TABLE IF NOT EXISTS artistas (
    id INTEGER PRIMARY KEY,
    nome TEXT NOT NULL,
    pais TEXT,
    genero TEXT,
    seguidores INTEGER
);

CREATE TABLE IF NOT EXISTS albuns (
    id INTEGER PRIMARY KEY,
    titulo TEXT NOT NULL,
    artista_id INTEGER NOT NULL,
    ano_lancamento INTEGER,
    total_faixas INTEGER,
    FOREIGN KEY (artista_id) REFERENCES artistas(id)
);

CREATE TABLE IF NOT EXISTS musicas (
    id INTEGER PRIMARY KEY,
    titulo TEXT NOT NULL,
    album_id INTEGER NOT NULL,
    duracao_ms INTEGER,
    popularidade INTEGER,
    explicit INTEGER DEFAULT 0,
    FOREIGN KEY (album_id) REFERENCES albuns(id)
);

CREATE TABLE IF NOT EXISTS playlists (
    id INTEGER PRIMARY KEY,
    nome TEXT NOT NULL,
    descricao TEXT,
    seguidores INTEGER
);

CREATE TABLE IF NOT EXISTS playlist_musicas (
    playlist_id INTEGER NOT NULL,
    musica_id INTEGER NOT NULL,
    adicionada_em TEXT,
    PRIMARY KEY (playlist_id, musica_id),
    FOREIGN KEY (playlist_id) REFERENCES playlists(id),
    FOREIGN KEY (musica_id) REFERENCES musicas(id)
);

-- === ARTISTAS (20) ===
INSERT INTO artistas VALUES
(1,'Anitta','Brasil','Pop',64000000),(2,'The Weeknd','Canada','R&B',78000000),
(3,'Bad Bunny','Porto Rico','Reggaeton',72000000),(4,'Taylor Swift','EUA','Pop',95000000),
(5,'Drake','Canada','Hip Hop',82000000),(6,'Billie Eilish','EUA','Pop',68000000),
(7,'BTS','Coreia do Sul','K-Pop',75000000),(8,'Ed Sheeran','Reino Unido','Pop',88000000),
(9,'Ariana Grande','EUA','Pop',84000000),(10,'Post Malone','EUA','Hip Hop',55000000),
(11,'Dua Lipa','Reino Unido','Pop',58000000),(12,'Kendrick Lamar','EUA','Hip Hop',42000000),
(13,'Harry Styles','Reino Unido','Pop',48000000),(14,'Luisa Sonza','Brasil','Pop',32000000),
(15,'Henrique e Juliano','Brasil','Sertanejo',28000000),(16,'Marilia Mendonca','Brasil','Sertanejo',38000000),
(17,'Coldplay','Reino Unido','Rock',52000000),(18,'Imagine Dragons','EUA','Rock',46000000),
(19,'SZA','EUA','R&B',35000000),(20,'Jorge e Mateus','Brasil','Sertanejo',25000000);

-- === ALBUNS (40) ===
INSERT INTO albuns VALUES
(1,'Versions of Me',1,2022,15),(2,'Kisses',1,2019,10),(3,'After Hours',2,2020,14),
(4,'Starboy',2,2016,18),(5,'Dawn FM',2,2022,16),(6,'Un Verano Sin Ti',3,2022,23),
(7,'YHLQMDLG',3,2020,20),(8,'Midnights',4,2022,13),(9,'1989',4,2014,16),
(10,'Folklore',4,2020,16),(11,'Certified Lover Boy',5,2021,21),(12,'Scorpion',5,2018,25),
(13,'Happier Than Ever',6,2021,16),(14,'When We All Fall Asleep',6,2019,14),
(15,'Map of the Soul 7',7,2020,20),(16,'BE',7,2020,8),(17,'Divide',8,2017,16),
(18,'Equals',8,2021,14),(19,'Subtract',8,2023,14),(20,'Positions',9,2020,14),
(21,'Thank U Next',9,2019,12),(22,'Hollywoods Bleeding',10,2019,17),
(23,'Twelve Carat Toothache',10,2022,14),(24,'Future Nostalgia',11,2020,11),
(25,'Radical Optimism',11,2024,11),(26,'DAMN',12,2017,14),(27,'Mr Morale',12,2022,18),
(28,'Harrys House',13,2022,13),(29,'Fine Line',13,2019,12),(30,'Doce 22',14,2021,14),
(31,'Pandora',14,2023,12),(32,'Manifesto Musical',15,2018,26),(33,'To Be Ao Vivo',15,2020,30),
(34,'Todos os Cantos',16,2019,12),(35,'Patroas',16,2020,15),
(36,'Music of the Spheres',17,2021,12),(37,'A Head Full of Dreams',17,2015,11),
(38,'Mercury Act 1',18,2021,13),(39,'SOS',19,2022,23),(40,'Tudo em Paz',20,2021,20);

-- === MUSICAS (100) ===
INSERT INTO musicas VALUES
(1,'Envolver',1,203000,88,0),(2,'Boys Dont Cry',1,195000,75,0),(3,'Lobby',1,178000,82,1),
(4,'Downtown',2,215000,70,0),(5,'Blinding Lights',3,200000,96,0),(6,'Save Your Tears',3,215000,93,0),
(7,'In Your Eyes',3,238000,85,0),(8,'Heartless',3,198000,87,1),(9,'Starboy',4,230000,92,1),
(10,'I Feel It Coming',4,269000,86,0),(11,'Take My Breath',5,339000,80,0),(12,'Sacrifice',5,188000,83,0),
(13,'Titi Me Pregunto',6,243000,90,1),(14,'Me Porto Bonito',6,178000,94,0),(15,'Ojitos Lindos',6,287000,89,0),
(16,'Yo Perreo Sola',7,172000,86,1),(17,'Dakiti',7,205000,91,0),(18,'Anti-Hero',8,200000,95,0),
(19,'Lavender Haze',8,202000,88,0),(20,'Midnight Rain',8,174000,82,0),(21,'Shake It Off',9,219000,90,0),
(22,'Blank Space',9,231000,91,0),(23,'Cardigan',10,239000,87,0),(24,'August',10,261000,85,0),
(25,'Way 2 Sexy',11,257000,84,1),(26,'Knife Talk',11,224000,80,1),(27,'Gods Plan',12,198000,93,1),
(28,'In My Feelings',12,217000,88,1),(29,'Nice for What',12,210000,86,0),(30,'Happier Than Ever',13,298000,87,1),
(31,'NDA',13,195000,78,1),(32,'Bad Guy',14,194000,95,0),(33,'Bury a Friend',14,193000,82,0),
(34,'Lovely',14,200000,90,0),(35,'Dynamite',15,199000,94,0),(36,'Butter',15,164000,92,0),
(37,'Boy With Luv',15,229000,89,0),(38,'Life Goes On',16,207000,83,0),
(39,'Shape of You',17,233000,97,0),(40,'Castle on the Hill',17,261000,85,0),
(41,'Galway Girl',17,170000,80,0),(42,'Shivers',18,207000,88,0),(43,'Bad Habits',18,231000,91,0),
(44,'Eyes Closed',19,238000,82,0),(45,'Positions',20,172000,89,1),(46,'34+35',20,173000,85,1),
(47,'POV',20,202000,83,0),(48,'Thank U Next',21,207000,93,1),(49,'7 Rings',21,178000,91,0),
(50,'Break Up',21,190000,84,1),(51,'Circles',22,215000,92,0),(52,'Sunflower',22,158000,95,0),
(53,'Wow',22,149000,83,1),(54,'Insane',23,184000,78,1),(55,'Dont Start Now',24,183000,93,0),
(56,'Levitating',24,203000,95,0),(57,'Physical',24,193000,86,0),(58,'Training Season',25,199000,80,0),
(59,'HUMBLE',26,177000,93,1),(60,'DNA',26,185000,88,1),(61,'LOYALTY',26,227000,82,1),
(62,'N95',27,195000,84,1),(63,'Die Hard',27,240000,79,1),(64,'As It Was',28,167000,96,0),
(65,'Late Night Talking',28,177000,87,0),(66,'Music for a Sushi Restaurant',28,194000,80,0),
(67,'Watermelon Sugar',29,174000,92,0),(68,'Adore You',29,207000,89,0),
(69,'Sentadona',30,183000,85,1),(70,'Anaconda',30,198000,78,1),(71,'Penhasco',31,173000,82,0),
(72,'Campo Minado',31,189000,76,0),(73,'Na Hora da Raiva',32,195000,74,0),
(74,'Aquela Pessoa',32,210000,78,0),(75,'Vidinha de Balada',32,183000,82,0),
(76,'Mais Voce',33,225000,72,0),(77,'Ai Ai Ai',33,198000,68,0),
(78,'Todos os Cantos',34,210000,80,0),(79,'Supera',34,185000,85,0),(80,'Graveto',34,195000,82,0),
(81,'Todo Mundo Vai Sofrer',35,198000,76,0),(82,'Patroas',35,207000,79,0),
(83,'My Universe',36,228000,88,0),(84,'Higher Power',36,213000,78,0),
(85,'Adventure of a Lifetime',37,264000,85,0),(86,'Hymn for the Weekend',37,258000,87,0),
(87,'Bones',38,165000,90,0),(88,'Enemy',38,173000,93,0),(89,'Thunder',38,187000,91,0),
(90,'Kill Bill',39,153000,94,1),(91,'Shirt',39,211000,82,1),(92,'Good Days',39,279000,86,0),
(93,'Kiss of Life',39,195000,80,0),(94,'Faz Um Ladin',40,178000,70,0),
(95,'Saudade',40,215000,72,0),(96,'Amo Noite e Dia',40,198000,75,0),
(97,'Flowers',1,200000,90,0),(98,'Bellakeo',6,167000,85,1),
(99,'Radioactive',38,276000,88,0),(100,'Believer',38,204000,92,0);

-- === PLAYLISTS (5) ===
INSERT INTO playlists VALUES
(1,'Top Hits Brasil','As mais tocadas no Brasil',12500000),
(2,'Global Top 50','Top 50 mundial',28000000),
(3,'Pop Rising','Novos hits pop',8500000),
(4,'Esquenta Sertanejo','O melhor do sertanejo',6200000),
(5,'Rap Caviar','Hip hop e rap',15000000);

-- === PLAYLIST_MUSICAS (simplificado) ===
INSERT INTO playlist_musicas VALUES
(1,1,'2024-01-15'),(1,5,'2024-01-10'),(1,14,'2024-01-12'),(1,18,'2024-01-08'),
(1,32,'2024-01-05'),(1,39,'2024-01-03'),(1,43,'2024-01-14'),(1,48,'2024-01-11'),
(1,51,'2024-01-09'),(1,55,'2024-01-07'),(1,56,'2024-01-06'),(1,64,'2024-01-13'),
(1,67,'2024-01-04'),(1,69,'2024-01-16'),(1,71,'2024-01-17'),(1,75,'2024-01-18'),
(1,78,'2024-01-19'),(1,79,'2024-01-20'),(1,80,'2024-01-21'),(1,82,'2024-01-22'),
(1,83,'2024-01-23'),(1,85,'2024-01-24'),(1,87,'2024-01-25'),(1,88,'2024-01-26'),
(1,90,'2024-01-27'),(1,92,'2024-01-28'),(1,94,'2024-01-29'),(1,95,'2024-01-30'),
(1,96,'2024-01-31'),(1,97,'2024-02-01'),(1,2,'2024-02-02'),(1,3,'2024-02-03'),
(1,6,'2024-02-04'),(1,9,'2024-02-05'),(1,13,'2024-02-06'),(1,17,'2024-02-07'),
(1,21,'2024-02-08'),(1,22,'2024-02-09'),(1,27,'2024-02-10'),(1,35,'2024-02-11'),
(1,36,'2024-02-12'),(1,42,'2024-02-13'),(1,45,'2024-02-14'),(1,49,'2024-02-15'),
(1,52,'2024-02-16'),(1,59,'2024-02-17'),(1,60,'2024-02-18'),(1,68,'2024-02-19'),
(1,70,'2024-02-20'),(1,72,'2024-02-21'),(1,73,'2024-02-22'),(1,74,'2024-02-23'),
(1,76,'2024-02-24'),(1,77,'2024-02-25'),(1,81,'2024-02-26'),(1,84,'2024-02-27'),
(1,86,'2024-02-28'),(1,89,'2024-03-01'),(1,91,'2024-03-02'),(1,93,'2024-03-03'),
(1,98,'2024-03-04'),(1,99,'2024-03-05'),(1,100,'2024-03-06'),(1,4,'2024-03-07'),(1,10,'2024-03-08'),
(2,5,'2024-01-01'),(2,6,'2024-01-02'),(2,14,'2024-01-03'),(2,18,'2024-01-04'),
(2,22,'2024-01-05'),(2,27,'2024-01-06'),(2,32,'2024-01-07'),(2,35,'2024-01-08'),
(2,36,'2024-01-09'),(2,39,'2024-01-10'),(2,43,'2024-01-11'),(2,48,'2024-01-12'),
(2,49,'2024-01-13'),(2,51,'2024-01-14'),(2,52,'2024-01-15'),(2,55,'2024-01-16'),
(2,56,'2024-01-17'),(2,59,'2024-01-18'),(2,64,'2024-01-19'),(2,67,'2024-01-20'),
(2,87,'2024-01-21'),(2,88,'2024-01-22'),(2,89,'2024-01-23'),(2,90,'2024-01-24'),
(2,92,'2024-01-25'),(2,100,'2024-01-26'),(2,1,'2024-01-27'),(2,9,'2024-01-28'),
(2,10,'2024-01-29'),(2,13,'2024-01-30'),(2,17,'2024-01-31'),(2,21,'2024-02-01'),
(2,25,'2024-02-02'),(2,28,'2024-02-03'),(2,30,'2024-02-04'),(2,34,'2024-02-05'),
(2,37,'2024-02-06'),(2,40,'2024-02-07'),(2,42,'2024-02-08'),(2,45,'2024-02-09'),
(2,46,'2024-02-10'),(2,53,'2024-02-11'),(2,57,'2024-02-12'),(2,60,'2024-02-13'),
(2,65,'2024-02-14'),(2,68,'2024-02-15'),(2,83,'2024-02-16'),(2,85,'2024-02-17'),
(2,86,'2024-02-18'),(2,97,'2024-02-19'),
(3,1,'2024-01-01'),(3,5,'2024-01-03'),(3,18,'2024-01-05'),(3,21,'2024-01-08'),
(3,22,'2024-01-09'),(3,32,'2024-01-10'),(3,35,'2024-01-12'),(3,36,'2024-01-13'),
(3,39,'2024-01-14'),(3,42,'2024-01-15'),(3,43,'2024-01-16'),(3,48,'2024-01-17'),
(3,49,'2024-01-18'),(3,51,'2024-01-19'),(3,55,'2024-01-20'),(3,56,'2024-01-21'),
(3,64,'2024-01-24'),(3,65,'2024-01-25'),(3,67,'2024-01-27'),(3,68,'2024-01-28'),
(3,83,'2024-01-29'),(3,85,'2024-01-31'),(3,86,'2024-02-01'),(3,87,'2024-02-02'),
(3,88,'2024-02-03'),(3,89,'2024-02-04'),(3,97,'2024-02-05'),(3,100,'2024-02-06'),
(4,73,'2024-01-01'),(4,74,'2024-01-02'),(4,75,'2024-01-03'),(4,76,'2024-01-04'),
(4,77,'2024-01-05'),(4,78,'2024-01-06'),(4,79,'2024-01-07'),(4,80,'2024-01-08'),
(4,81,'2024-01-09'),(4,82,'2024-01-10'),(4,94,'2024-01-11'),(4,95,'2024-01-12'),(4,96,'2024-01-13'),
(5,25,'2024-01-01'),(5,26,'2024-01-02'),(5,27,'2024-01-03'),(5,28,'2024-01-04'),
(5,29,'2024-01-05'),(5,59,'2024-01-06'),(5,60,'2024-01-07'),(5,61,'2024-01-08'),
(5,62,'2024-01-09'),(5,63,'2024-01-10'),(5,90,'2024-01-11'),(5,91,'2024-01-12'),
(5,92,'2024-01-13'),(5,93,'2024-01-14'),(5,9,'2024-01-15'),(5,45,'2024-01-17'),
(5,46,'2024-01-18'),(5,50,'2024-01-19'),(5,53,'2024-01-20'),(5,54,'2024-01-21');
