-- Spotify Database — Schema + Seed Data
-- Projeto 03: SQL Primeiras Queries — GC Data Academy

-- === SCHEMA ===

CREATE TABLE IF NOT EXISTS artistas (
    id INTEGER PRIMARY KEY,
    nome TEXT NOT NULL,
    pais TEXT,
    genero TEXT,
    seguidores INTEGER
);

CREATE TABLE IF NOT EXISTS albuns (
    id INTEGER PRIMARY KEY,
    titulo TEXT NOT NULL,
    artista_id INTEGER NOT NULL,
    ano_lancamento INTEGER,
    total_faixas INTEGER,
    FOREIGN KEY (artista_id) REFERENCES artistas(id)
);

CREATE TABLE IF NOT EXISTS musicas (
    id INTEGER PRIMARY KEY,
    titulo TEXT NOT NULL,
    album_id INTEGER NOT NULL,
    duracao_ms INTEGER,
    popularidade INTEGER,
    explicit INTEGER DEFAULT 0,
    FOREIGN KEY (album_id) REFERENCES albuns(id)
);

CREATE TABLE IF NOT EXISTS playlists (
    id INTEGER PRIMARY KEY,
    nome TEXT NOT NULL,
    descricao TEXT,
    seguidores INTEGER
);

CREATE TABLE IF NOT EXISTS playlist_musicas (
    playlist_id INTEGER NOT NULL,
    musica_id INTEGER NOT NULL,
    adicionada_em TEXT,
    PRIMARY KEY (playlist_id, musica_id),
    FOREIGN KEY (playlist_id) REFERENCES playlists(id),
    FOREIGN KEY (musica_id) REFERENCES musicas(id)
);

-- === ARTISTAS (20) ===
INSERT INTO artistas VALUES
(1,'Anitta','Brasil','Pop',64000000),(2,'The Weeknd','Canada','R&B',78000000),
(3,'Bad Bunny','Porto Rico','Reggaeton',72000000),(4,'Taylor Swift','EUA','Pop',95000000),
(5,'Drake','Canada','Hip Hop',82000000),(6,'Billie Eilish','EUA','Pop',68000000),
(7,'BTS','Coreia do Sul','K-Pop',75000000),(8,'Ed Sheeran','Reino Unido','Pop',88000000),
(9,'Ariana Grande','EUA','Pop',84000000),(10,'Post Malone','EUA','Hip Hop',55000000),
(11,'Dua Lipa','Reino Unido','Pop',58000000),(12,'Kendrick Lamar','EUA','Hip Hop',42000000),
(13,'Harry Styles','Reino Unido','Pop',48000000),(14,'Luisa Sonza','Brasil','Pop',32000000),
(15,'Henrique e Juliano','Brasil','Sertanejo',28000000),(16,'Marilia Mendonca','Brasil','Sertanejo',38000000),
(17,'Coldplay','Reino Unido','Rock',52000000),(18,'Imagine Dragons','EUA','Rock',46000000),
(19,'SZA','EUA','R&B',35000000),(20,'Jorge e Mateus','Brasil','Sertanejo',25000000);

-- === ALBUNS (40) ===
INSERT INTO albuns VALUES
(1,'Versions of Me',1,2022,15),(2,'Kisses',1,2019,10),(3,'After Hours',2,2020,14),
(4,'Starboy',2,2016,18),(5,'Dawn FM',2,2022,16),(6,'Un Verano Sin Ti',3,2022,23),
(7,'YHLQMDLG',3,2020,20),(8,'Midnights',4,2022,13),(9,'1989',4,2014,16),
(10,'Folklore',4,2020,16),(11,'Certified Lover Boy',5,2021,21),(12,'Scorpion',5,2018,25),
(13,'Happier Than Ever',6,2021,16),(14,'When We All Fall Asleep',6,2019,14),
(15,'Map of the Soul 7',7,2020,20),(16,'BE',7,2020,8),(17,'Divide',8,2017,16),
(18,'Equals',8,2021,14),(19,'Subtract',8,2023,14),(20,'Positions',9,2020,14),
(21,'Thank U Next',9,2019,12),(22,'Hollywoods Bleeding',10,2019,17),
(23,'Twelve Carat Toothache',10,2022,14),(24,'Future Nostalgia',11,2020,11),
(25,'Radical Optimism',11,2024,11),(26,'DAMN',12,2017,14),(27,'Mr Morale',12,2022,18),
(28,'Harrys House',13,2022,13),(29,'Fine Line',13,2019,12),(30,'Doce 22',14,2021,14),
(31,'Pandora',14,2023,12),(32,'Manifesto Musical',15,2018,26),(33,'To Be Ao Vivo',15,2020,30),
(34,'Todos os Cantos',16,2019,12),(35,'Patroas',16,2020,15),
(36,'Music of the Spheres',17,2021,12),(37,'A Head Full of Dreams',17,2015,11),
(38,'Mercury Act 1',18,2021,13),(39,'SOS',19,2022,23),(40,'Tudo em Paz',20,2021,20);

-- === MUSICAS (100) ===
INSERT INTO musicas VALUES
(1,'Envolver',1,203000,88,0),(2,'Boys Dont Cry',1,195000,75,0),(3,'Lobby',1,178000,82,1),
(4,'Downtown',2,215000,70,0),(5,'Blinding Lights',3,200000,96,0),(6,'Save Your Tears',3,215000,93,0),
(7,'In Your Eyes',3,238000,85,0),(8,'Heartless',3,198000,87,1),(9,'Starboy',4,230000,92,1),
(10,'I Feel It Coming',4,269000,86,0),(11,'Take My Breath',5,339000,80,0),(12,'Sacrifice',5,188000,83,0),
(13,'Titi Me Pregunto',6,243000,90,1),(14,'Me Porto Bonito',6,178000,94,0),(15,'Ojitos Lindos',6,287000,89,0),
(16,'Yo Perreo Sola',7,172000,86,1),(17,'Dakiti',7,205000,91,0),(18,'Anti-Hero',8,200000,95,0),
(19,'Lavender Haze',8,202000,88,0),(20,'Midnight Rain',8,174000,82,0),(21,'Shake It Off',9,219000,90,0),
(22,'Blank Space',9,231000,91,0),(23,'Cardigan',10,239000,87,0),(24,'August',10,261000,85,0),
(25,'Way 2 Sexy',11,257000,84,1),(26,'Knife Talk',11,224000,80,1),(27,'Gods Plan',12,198000,93,1),
(28,'In My Feelings',12,217000,88,1),(29,'Nice for What',12,210000,86,0),(30,'Happier Than Ever',13,298000,87,1),
(31,'NDA',13,195000,78,1),(32,'Bad Guy',14,194000,95,0),(33,'Bury a Friend',14,193000,82,0),
(34,'Lovely',14,200000,90,0),(35,'Dynamite',15,199000,94,0),(36,'Butter',15,164000,92,0),
(37,'Boy With Luv',15,229000,89,0),(38,'Life Goes On',16,207000,83,0),
(39,'Shape of You',17,233000,97,0),(40,'Castle on the Hill',17,261000,85,0),
(41,'Galway Girl',17,170000,80,0),(42,'Shivers',18,207000,88,0),(43,'Bad Habits',18,231000,91,0),
(44,'Eyes Closed',19,238000,82,0),(45,'Positions',20,172000,89,1),(46,'34+35',20,173000,85,1),
(47,'POV',20,202000,83,0),(48,'Thank U Next',21,207000,93,1),(49,'7 Rings',21,178000,91,0),
(50,'Break Up',21,190000,84,1),(51,'Circles',22,215000,92,0),(52,'Sunflower',22,158000,95,0),
(53,'Wow',22,149000,83,1),(54,'Insane',23,184000,78,1),(55,'Dont Start Now',24,183000,93,0),
(56,'Levitating',24,203000,95,0),(57,'Physical',24,193000,86,0),(58,'Training Season',25,199000,80,0),
(59,'HUMBLE',26,177000,93,1),(60,'DNA',26,185000,88,1),(61,'LOYALTY',26,227000,82,1),
(62,'N95',27,195000,84,1),(63,'Die Hard',27,240000,79,1),(64,'As It Was',28,167000,96,0),
(65,'Late Night Talking',28,177000,87,0),(66,'Music for a Sushi Restaurant',28,194000,80,0),
(67,'Watermelon Sugar',29,174000,92,0),(68,'Adore You',29,207000,89,0),
(69,'Sentadona',30,183000,85,1),(70,'Anaconda',30,198000,78,1),(71,'Penhasco',31,173000,82,0),
(72,'Campo Minado',31,189000,76,0),(73,'Na Hora da Raiva',32,195000,74,0),
(74,'Aquela Pessoa',32,210000,78,0),(75,'Vidinha de Balada',32,183000,82,0),
(76,'Mais Voce',33,225000,72,0),(77,'Ai Ai Ai',33,198000,68,0),
(78,'Todos os Cantos',34,210000,80,0),(79,'Supera',34,185000,85,0),(80,'Graveto',34,195000,82,0),
(81,'Todo Mundo Vai Sofrer',35,198000,76,0),(82,'Patroas',35,207000,79,0),
(83,'My Universe',36,228000,88,0),(84,'Higher Power',36,213000,78,0),
(85,'Adventure of a Lifetime',37,264000,85,0),(86,'Hymn for the Weekend',37,258000,87,0),
(87,'Bones',38,165000,90,0),(88,'Enemy',38,173000,93,0),(89,'Thunder',38,187000,91,0),
(90,'Kill Bill',39,153000,94,1),(91,'Shirt',39,211000,82,1),(92,'Good Days',39,279000,86,0),
(93,'Kiss of Life',39,195000,80,0),(94,'Faz Um Ladin',40,178000,70,0),
(95,'Saudade',40,215000,72,0),(96,'Amo Noite e Dia',40,198000,75,0),
(97,'Flowers',1,200000,90,0),(98,'Bellakeo',6,167000,85,1),
(99,'Radioactive',38,276000,88,0),(100,'Believer',38,204000,92,0);

-- === PLAYLISTS (5) ===
INSERT INTO playlists VALUES
(1,'Top Hits Brasil','As mais tocadas no Brasil',12500000),
(2,'Global Top 50','Top 50 mundial',28000000),
(3,'Pop Rising','Novos hits pop',8500000),
(4,'Esquenta Sertanejo','O melhor do sertanejo',6200000),
(5,'Rap Caviar','Hip hop e rap',15000000);

-- === PLAYLIST_MUSICAS (simplificado) ===
INSERT INTO playlist_musicas VALUES
(1,1,'2024-01-15'),(1,5,'2024-01-10'),(1,14,'2024-01-12'),(1,18,'2024-01-08'),
(1,32,'2024-01-05'),(1,39,'2024-01-03'),(1,43,'2024-01-14'),(1,48,'2024-01-11'),
(1,51,'2024-01-09'),(1,55,'2024-01-07'),(1,56,'2024-01-06'),(1,64,'2024-01-13'),
(1,67,'2024-01-04'),(1,69,'2024-01-16'),(1,71,'2024-01-17'),(1,75,'2024-01-18'),
(1,78,'2024-01-19'),(1,79,'2024-01-20'),(1,80,'2024-01-21'),(1,82,'2024-01-22'),
(1,83,'2024-01-23'),(1,85,'2024-01-24'),(1,87,'2024-01-25'),(1,88,'2024-01-26'),
(1,90,'2024-01-27'),(1,92,'2024-01-28'),(1,94,'2024-01-29'),(1,95,'2024-01-30'),
(1,96,'2024-01-31'),(1,97,'2024-02-01'),(1,2,'2024-02-02'),(1,3,'2024-02-03'),
(1,6,'2024-02-04'),(1,9,'2024-02-05'),(1,13,'2024-02-06'),(1,17,'2024-02-07'),
(1,21,'2024-02-08'),(1,22,'2024-02-09'),(1,27,'2024-02-10'),(1,35,'2024-02-11'),
(1,36,'2024-02-12'),(1,42,'2024-02-13'),(1,45,'2024-02-14'),(1,49,'2024-02-15'),
(1,52,'2024-02-16'),(1,59,'2024-02-17'),(1,60,'2024-02-18'),(1,68,'2024-02-19'),
(1,70,'2024-02-20'),(1,72,'2024-02-21'),(1,73,'2024-02-22'),(1,74,'2024-02-23'),
(1,76,'2024-02-24'),(1,77,'2024-02-25'),(1,81,'2024-02-26'),(1,84,'2024-02-27'),
(1,86,'2024-02-28'),(1,89,'2024-03-01'),(1,91,'2024-03-02'),(1,93,'2024-03-03'),
(1,98,'2024-03-04'),(1,99,'2024-03-05'),(1,100,'2024-03-06'),(1,4,'2024-03-07'),(1,10,'2024-03-08'),
(2,5,'2024-01-01'),(2,6,'2024-01-02'),(2,14,'2024-01-03'),(2,18,'2024-01-04'),
(2,22,'2024-01-05'),(2,27,'2024-01-06'),(2,32,'2024-01-07'),(2,35,'2024-01-08'),
(2,36,'2024-01-09'),(2,39,'2024-01-10'),(2,43,'2024-01-11'),(2,48,'2024-01-12'),
(2,49,'2024-01-13'),(2,51,'2024-01-14'),(2,52,'2024-01-15'),(2,55,'2024-01-16'),
(2,56,'2024-01-17'),(2,59,'2024-01-18'),(2,64,'2024-01-19'),(2,67,'2024-01-20'),
(2,87,'2024-01-21'),(2,88,'2024-01-22'),(2,89,'2024-01-23'),(2,90,'2024-01-24'),
(2,92,'2024-01-25'),(2,100,'2024-01-26'),(2,1,'2024-01-27'),(2,9,'2024-01-28'),
(2,10,'2024-01-29'),(2,13,'2024-01-30'),(2,17,'2024-01-31'),(2,21,'2024-02-01'),
(2,25,'2024-02-02'),(2,28,'2024-02-03'),(2,30,'2024-02-04'),(2,34,'2024-02-05'),
(2,37,'2024-02-06'),(2,40,'2024-02-07'),(2,42,'2024-02-08'),(2,45,'2024-02-09'),
(2,46,'2024-02-10'),(2,53,'2024-02-11'),(2,57,'2024-02-12'),(2,60,'2024-02-13'),
(2,65,'2024-02-14'),(2,68,'2024-02-15'),(2,83,'2024-02-16'),(2,85,'2024-02-17'),
(2,86,'2024-02-18'),(2,97,'2024-02-19'),
(3,1,'2024-01-01'),(3,5,'2024-01-03'),(3,18,'2024-01-05'),(3,21,'2024-01-08'),
(3,22,'2024-01-09'),(3,32,'2024-01-10'),(3,35,'2024-01-12'),(3,36,'2024-01-13'),
(3,39,'2024-01-14'),(3,42,'2024-01-15'),(3,43,'2024-01-16'),(3,48,'2024-01-17'),
(3,49,'2024-01-18'),(3,51,'2024-01-19'),(3,55,'2024-01-20'),(3,56,'2024-01-21'),
(3,64,'2024-01-24'),(3,65,'2024-01-25'),(3,67,'2024-01-27'),(3,68,'2024-01-28'),
(3,83,'2024-01-29'),(3,85,'2024-01-31'),(3,86,'2024-02-01'),(3,87,'2024-02-02'),
(3,88,'2024-02-03'),(3,89,'2024-02-04'),(3,97,'2024-02-05'),(3,100,'2024-02-06'),
(4,73,'2024-01-01'),(4,74,'2024-01-02'),(4,75,'2024-01-03'),(4,76,'2024-01-04'),
(4,77,'2024-01-05'),(4,78,'2024-01-06'),(4,79,'2024-01-07'),(4,80,'2024-01-08'),
(4,81,'2024-01-09'),(4,82,'2024-01-10'),(4,94,'2024-01-11'),(4,95,'2024-01-12'),(4,96,'2024-01-13'),
(5,25,'2024-01-01'),(5,26,'2024-01-02'),(5,27,'2024-01-03'),(5,28,'2024-01-04'),
(5,29,'2024-01-05'),(5,59,'2024-01-06'),(5,60,'2024-01-07'),(5,61,'2024-01-08'),
(5,62,'2024-01-09'),(5,63,'2024-01-10'),(5,90,'2024-01-11'),(5,91,'2024-01-12'),
(5,92,'2024-01-13'),(5,93,'2024-01-14'),(5,9,'2024-01-15'),(5,45,'2024-01-17'),
(5,46,'2024-01-18'),(5,50,'2024-01-19'),(5,53,'2024-01-20'),(5,54,'2024-01-21');

-- =============================================
-- EXPANSÃO PROJETO 06 — Análise Avançada
-- =============================================

-- === TABELA DE USUÁRIOS ===
CREATE TABLE IF NOT EXISTS usuarios (
    id INTEGER PRIMARY KEY,
    username TEXT NOT NULL,
    pais TEXT NOT NULL,
    cadastro_em TEXT NOT NULL
);

INSERT INTO usuarios VALUES (1,'ana_music','Brasil','2023-06-15');
INSERT INTO usuarios VALUES (2,'carlos_beats','Brasil','2023-07-20');
INSERT INTO usuarios VALUES (3,'maria_pop','Brasil','2023-08-10');
INSERT INTO usuarios VALUES (4,'john_rock','EUA','2023-06-01');
INSERT INTO usuarios VALUES (5,'lisa_kpop','EUA','2023-09-05');
INSERT INTO usuarios VALUES (6,'pedro_rap','Brasil','2023-07-01');
INSERT INTO usuarios VALUES (7,'emma_chill','Reino Unido','2023-08-22');
INSERT INTO usuarios VALUES (8,'lucas_indie','Brasil','2023-10-01');
INSERT INTO usuarios VALUES (9,'sofia_latin','Colombia','2023-06-30');
INSERT INTO usuarios VALUES (10,'diego_mix','Brasil','2023-11-15');

-- === TABELA DE STREAMS (500 registros) ===
CREATE TABLE IF NOT EXISTS streams (
    id INTEGER PRIMARY KEY,
    musica_id INTEGER NOT NULL,
    usuario_id INTEGER NOT NULL,
    played_at TEXT NOT NULL,
    duration_played_ms INTEGER NOT NULL,
    FOREIGN KEY (musica_id) REFERENCES musicas(id),
    FOREIGN KEY (usuario_id) REFERENCES usuarios(id)
);

-- Gerar streams via Python inline
INSERT INTO streams VALUES (1,4,5,'2024-03-03 13:08:00',83736);
INSERT INTO streams VALUES (2,70,2,'2024-05-31 19:02:00',45622);
INSERT INTO streams VALUES (3,88,9,'2024-06-03 06:35:00',134248);
INSERT INTO streams VALUES (4,90,9,'2024-04-17 13:28:00',175852);
INSERT INTO streams VALUES (5,1,3,'2024-06-27 19:21:00',175684);
INSERT INTO streams VALUES (6,85,2,'2024-01-24 18:06:00',218208);
INSERT INTO streams VALUES (7,78,5,'2024-01-12 20:34:00',95444);
INSERT INTO streams VALUES (8,49,2,'2024-05-21 15:53:00',219600);
INSERT INTO streams VALUES (9,91,2,'2024-01-12 13:49:00',181722);
INSERT INTO streams VALUES (10,30,2,'2024-04-07 14:29:00',221277);
INSERT INTO streams VALUES (11,70,4,'2024-06-20 14:44:00',67435);
INSERT INTO streams VALUES (12,22,9,'2024-03-03 11:29:00',228943);
INSERT INTO streams VALUES (13,60,4,'2024-06-24 16:53:00',59327);
INSERT INTO streams VALUES (14,7,6,'2024-04-12 14:04:00',140615);
INSERT INTO streams VALUES (15,73,6,'2024-02-24 21:25:00',270570);
INSERT INTO streams VALUES (16,4,4,'2024-05-23 23:16:00',254622);
INSERT INTO streams VALUES (17,52,6,'2024-02-26 10:32:00',288744);
INSERT INTO streams VALUES (18,7,2,'2024-02-09 11:50:00',251333);
INSERT INTO streams VALUES (19,50,7,'2024-06-01 20:33:00',161813);
INSERT INTO streams VALUES (20,2,2,'2024-06-23 23:48:00',169893);
INSERT INTO streams VALUES (21,44,2,'2024-03-16 19:10:00',267881);
INSERT INTO streams VALUES (22,79,9,'2024-02-15 22:58:00',85789);
INSERT INTO streams VALUES (23,39,9,'2024-06-04 12:09:00',226038);
INSERT INTO streams VALUES (24,70,9,'2024-01-01 16:31:00',40211);
INSERT INTO streams VALUES (25,70,5,'2024-03-02 07:15:00',71291);
INSERT INTO streams VALUES (26,20,2,'2024-05-16 10:08:00',279184);
INSERT INTO streams VALUES (27,22,5,'2024-05-15 19:13:00',135461);
INSERT INTO streams VALUES (28,52,6,'2024-04-22 22:28:00',93441);
INSERT INTO streams VALUES (29,24,6,'2024-01-06 23:14:00',145457);
INSERT INTO streams VALUES (30,7,4,'2024-01-18 07:55:00',203239);
INSERT INTO streams VALUES (31,88,5,'2024-06-20 21:13:00',99369);
INSERT INTO streams VALUES (32,74,10,'2024-05-01 13:50:00',277974);
INSERT INTO streams VALUES (33,25,2,'2024-01-25 19:22:00',252077);
INSERT INTO streams VALUES (34,94,1,'2024-06-21 09:03:00',241089);
INSERT INTO streams VALUES (35,14,4,'2024-02-19 12:34:00',265202);
INSERT INTO streams VALUES (36,26,5,'2024-04-28 13:55:00',69523);
INSERT INTO streams VALUES (37,71,2,'2024-01-13 23:53:00',37737);
INSERT INTO streams VALUES (38,97,4,'2024-02-12 19:31:00',282370);
INSERT INTO streams VALUES (39,47,1,'2024-02-12 18:00:00',234693);
INSERT INTO streams VALUES (40,8,5,'2024-04-18 23:42:00',285155);
INSERT INTO streams VALUES (41,37,4,'2024-01-15 23:03:00',194419);
INSERT INTO streams VALUES (42,12,8,'2024-05-08 22:10:00',59821);
INSERT INTO streams VALUES (43,11,3,'2024-01-18 08:43:00',153314);
INSERT INTO streams VALUES (44,73,4,'2024-05-28 07:39:00',72982);
INSERT INTO streams VALUES (45,75,10,'2024-05-13 16:59:00',166716);
INSERT INTO streams VALUES (46,85,4,'2024-03-08 18:08:00',187284);
INSERT INTO streams VALUES (47,97,2,'2024-01-03 20:39:00',82418);
INSERT INTO streams VALUES (48,31,9,'2024-03-08 10:59:00',212981);
INSERT INTO streams VALUES (49,32,6,'2024-03-13 11:28:00',188606);
INSERT INTO streams VALUES (50,84,9,'2024-01-03 23:19:00',84309);
INSERT INTO streams VALUES (51,18,5,'2024-01-30 09:47:00',111499);
INSERT INTO streams VALUES (52,40,4,'2024-03-28 12:43:00',168403);
INSERT INTO streams VALUES (53,33,1,'2024-01-24 19:53:00',175060);
INSERT INTO streams VALUES (54,85,3,'2024-06-12 14:10:00',261649);
INSERT INTO streams VALUES (55,55,9,'2024-01-03 09:04:00',108147);
INSERT INTO streams VALUES (56,48,10,'2024-05-21 10:27:00',96818);
INSERT INTO streams VALUES (57,70,1,'2024-04-01 12:43:00',160825);
INSERT INTO streams VALUES (58,46,9,'2024-04-14 10:59:00',154118);
INSERT INTO streams VALUES (59,23,7,'2024-01-07 11:47:00',204160);
INSERT INTO streams VALUES (60,53,4,'2024-03-09 11:50:00',86673);
INSERT INTO streams VALUES (61,7,8,'2024-02-26 12:52:00',271331);
INSERT INTO streams VALUES (62,88,4,'2024-01-07 12:25:00',202103);
INSERT INTO streams VALUES (63,24,5,'2024-03-30 22:25:00',203617);
INSERT INTO streams VALUES (64,15,5,'2024-02-15 14:02:00',86834);
INSERT INTO streams VALUES (65,45,6,'2024-04-21 22:07:00',231953);
INSERT INTO streams VALUES (66,25,5,'2024-01-12 19:00:00',133303);
INSERT INTO streams VALUES (67,24,6,'2024-06-08 16:42:00',95339);
INSERT INTO streams VALUES (68,39,9,'2024-03-20 19:20:00',240973);
INSERT INTO streams VALUES (69,71,3,'2024-02-19 19:42:00',228781);
INSERT INTO streams VALUES (70,23,10,'2024-05-25 15:25:00',30212);
INSERT INTO streams VALUES (71,31,7,'2024-05-28 16:29:00',261623);
INSERT INTO streams VALUES (72,28,9,'2024-05-01 11:42:00',74457);
INSERT INTO streams VALUES (73,40,6,'2024-01-24 13:43:00',192749);
INSERT INTO streams VALUES (74,31,3,'2024-01-07 07:15:00',279108);
INSERT INTO streams VALUES (75,99,2,'2024-04-26 19:56:00',131940);
INSERT INTO streams VALUES (76,50,8,'2024-04-12 13:09:00',32907);
INSERT INTO streams VALUES (77,99,2,'2024-04-18 13:11:00',273557);
INSERT INTO streams VALUES (78,88,2,'2024-04-26 10:51:00',273606);
INSERT INTO streams VALUES (79,72,10,'2024-03-22 20:39:00',294649);
INSERT INTO streams VALUES (80,71,8,'2024-02-10 21:28:00',165891);
INSERT INTO streams VALUES (81,82,5,'2024-05-13 21:40:00',155433);
INSERT INTO streams VALUES (82,24,5,'2024-03-01 14:21:00',197619);
INSERT INTO streams VALUES (83,11,3,'2024-02-08 13:24:00',110113);
INSERT INTO streams VALUES (84,9,7,'2024-04-14 16:34:00',274278);
INSERT INTO streams VALUES (85,27,7,'2024-04-09 06:54:00',229429);
INSERT INTO streams VALUES (86,46,5,'2024-04-09 19:34:00',145625);
INSERT INTO streams VALUES (87,35,7,'2024-05-04 06:24:00',206228);
INSERT INTO streams VALUES (88,52,3,'2024-04-29 10:39:00',44138);
INSERT INTO streams VALUES (89,76,10,'2024-06-18 06:05:00',254716);
INSERT INTO streams VALUES (90,8,3,'2024-01-13 14:24:00',201627);
INSERT INTO streams VALUES (91,85,6,'2024-04-07 14:48:00',251021);
INSERT INTO streams VALUES (92,24,8,'2024-01-05 23:03:00',213480);
INSERT INTO streams VALUES (93,24,1,'2024-01-08 13:12:00',40684);
INSERT INTO streams VALUES (94,31,3,'2024-05-01 09:36:00',144276);
INSERT INTO streams VALUES (95,33,6,'2024-02-12 09:49:00',115860);
INSERT INTO streams VALUES (96,14,10,'2024-01-07 15:36:00',226768);
INSERT INTO streams VALUES (97,31,2,'2024-05-31 13:06:00',188116);
INSERT INTO streams VALUES (98,77,2,'2024-05-24 07:22:00',254593);
INSERT INTO streams VALUES (99,9,9,'2024-06-14 16:00:00',250231);
INSERT INTO streams VALUES (100,14,7,'2024-04-02 20:45:00',110211);
INSERT INTO streams VALUES (101,94,9,'2024-06-15 14:39:00',283491);
INSERT INTO streams VALUES (102,94,10,'2024-03-09 16:54:00',158710);
INSERT INTO streams VALUES (103,12,5,'2024-04-25 13:48:00',273641);
INSERT INTO streams VALUES (104,86,7,'2024-03-27 06:31:00',200401);
INSERT INTO streams VALUES (105,31,6,'2024-03-07 16:17:00',174844);
INSERT INTO streams VALUES (106,67,4,'2024-01-22 13:46:00',243085);
INSERT INTO streams VALUES (107,98,4,'2024-06-25 21:41:00',287331);
INSERT INTO streams VALUES (108,3,2,'2024-03-16 13:25:00',157561);
INSERT INTO streams VALUES (109,12,6,'2024-05-01 23:33:00',210227);
INSERT INTO streams VALUES (110,96,9,'2024-03-25 17:44:00',267893);
INSERT INTO streams VALUES (111,79,4,'2024-01-31 12:20:00',92681);
INSERT INTO streams VALUES (112,98,3,'2024-02-19 12:47:00',283859);
INSERT INTO streams VALUES (113,12,9,'2024-06-01 15:06:00',131773);
INSERT INTO streams VALUES (114,70,3,'2024-03-18 06:45:00',96365);
INSERT INTO streams VALUES (115,7,9,'2024-03-15 10:40:00',287361);
INSERT INTO streams VALUES (116,17,10,'2024-03-13 21:30:00',260932);
INSERT INTO streams VALUES (117,7,5,'2024-05-02 09:52:00',64258);
INSERT INTO streams VALUES (118,10,10,'2024-06-10 07:09:00',108222);
INSERT INTO streams VALUES (119,39,2,'2024-03-04 09:35:00',248195);
INSERT INTO streams VALUES (120,80,4,'2024-05-13 18:28:00',262113);
INSERT INTO streams VALUES (121,12,7,'2024-03-19 07:39:00',82026);
INSERT INTO streams VALUES (122,27,4,'2024-03-08 08:10:00',155758);
INSERT INTO streams VALUES (123,24,3,'2024-01-01 19:28:00',276369);
INSERT INTO streams VALUES (124,88,5,'2024-06-29 15:44:00',268043);
INSERT INTO streams VALUES (125,88,5,'2024-06-09 12:27:00',90175);
INSERT INTO streams VALUES (126,83,3,'2024-03-09 10:04:00',61267);
INSERT INTO streams VALUES (127,37,10,'2024-05-25 15:28:00',95197);
INSERT INTO streams VALUES (128,39,7,'2024-03-10 22:34:00',288890);
INSERT INTO streams VALUES (129,77,1,'2024-04-20 16:38:00',161264);
INSERT INTO streams VALUES (130,88,10,'2024-05-30 06:48:00',171301);
INSERT INTO streams VALUES (131,98,3,'2024-04-30 22:41:00',261855);
INSERT INTO streams VALUES (132,24,10,'2024-04-21 21:05:00',276420);
INSERT INTO streams VALUES (133,85,6,'2024-06-20 09:54:00',114318);
INSERT INTO streams VALUES (134,20,5,'2024-06-18 18:52:00',49239);
INSERT INTO streams VALUES (135,41,5,'2024-03-23 09:49:00',241904);
INSERT INTO streams VALUES (136,1,9,'2024-04-28 19:03:00',128347);
INSERT INTO streams VALUES (137,80,8,'2024-06-09 20:48:00',57059);
INSERT INTO streams VALUES (138,60,3,'2024-03-14 20:56:00',284128);
INSERT INTO streams VALUES (139,40,4,'2024-06-30 11:19:00',37169);
INSERT INTO streams VALUES (140,12,4,'2024-01-30 20:07:00',110725);
INSERT INTO streams VALUES (141,92,5,'2024-05-10 14:26:00',282968);
INSERT INTO streams VALUES (142,32,8,'2024-05-21 10:24:00',129934);
INSERT INTO streams VALUES (143,66,3,'2024-01-18 14:49:00',247549);
INSERT INTO streams VALUES (144,36,5,'2024-01-01 15:46:00',186529);
INSERT INTO streams VALUES (145,75,8,'2024-02-08 20:34:00',283934);
INSERT INTO streams VALUES (146,60,9,'2024-04-06 20:59:00',198704);
INSERT INTO streams VALUES (147,90,4,'2024-05-26 18:14:00',245364);
INSERT INTO streams VALUES (148,20,7,'2024-04-08 10:31:00',49408);
INSERT INTO streams VALUES (149,12,6,'2024-01-26 20:06:00',269561);
INSERT INTO streams VALUES (150,4,7,'2024-06-16 10:04:00',276148);
INSERT INTO streams VALUES (151,34,6,'2024-06-08 18:41:00',72108);
INSERT INTO streams VALUES (152,87,9,'2024-04-07 16:40:00',285825);
INSERT INTO streams VALUES (153,5,10,'2024-01-18 13:40:00',180669);
INSERT INTO streams VALUES (154,96,2,'2024-04-21 09:48:00',82694);
INSERT INTO streams VALUES (155,89,5,'2024-01-08 07:20:00',59422);
INSERT INTO streams VALUES (156,70,7,'2024-02-07 13:33:00',246033);
INSERT INTO streams VALUES (157,24,3,'2024-02-14 08:39:00',230563);
INSERT INTO streams VALUES (158,31,8,'2024-05-29 10:14:00',271775);
INSERT INTO streams VALUES (159,59,5,'2024-06-19 06:57:00',273926);
INSERT INTO streams VALUES (160,87,9,'2024-02-10 08:28:00',211175);
INSERT INTO streams VALUES (161,39,7,'2024-06-25 14:29:00',188398);
INSERT INTO streams VALUES (162,47,8,'2024-01-28 13:24:00',218197);
INSERT INTO streams VALUES (163,90,5,'2024-01-06 18:17:00',34245);
INSERT INTO streams VALUES (164,88,1,'2024-06-04 21:53:00',180048);
INSERT INTO streams VALUES (165,30,10,'2024-03-31 13:40:00',129683);
INSERT INTO streams VALUES (166,87,3,'2024-06-09 09:57:00',50668);
INSERT INTO streams VALUES (167,8,1,'2024-05-28 17:46:00',98897);
INSERT INTO streams VALUES (168,37,6,'2024-04-16 11:12:00',99289);
INSERT INTO streams VALUES (169,47,9,'2024-05-08 14:53:00',116268);
INSERT INTO streams VALUES (170,20,5,'2024-03-27 09:29:00',69478);
INSERT INTO streams VALUES (171,88,7,'2024-05-22 17:05:00',236870);
INSERT INTO streams VALUES (172,60,2,'2024-04-26 17:43:00',167448);
INSERT INTO streams VALUES (173,82,6,'2024-01-28 13:30:00',43120);
INSERT INTO streams VALUES (174,72,6,'2024-06-05 13:41:00',63143);
INSERT INTO streams VALUES (175,60,5,'2024-06-15 19:07:00',103283);
INSERT INTO streams VALUES (176,7,5,'2024-05-06 09:06:00',153102);
INSERT INTO streams VALUES (177,18,7,'2024-04-26 17:42:00',249743);
INSERT INTO streams VALUES (178,94,3,'2024-04-16 09:53:00',286558);
INSERT INTO streams VALUES (179,36,1,'2024-06-25 17:13:00',262460);
INSERT INTO streams VALUES (180,31,6,'2024-01-26 17:34:00',218048);
INSERT INTO streams VALUES (181,79,4,'2024-02-01 20:05:00',141204);
INSERT INTO streams VALUES (182,77,1,'2024-01-13 16:15:00',96020);
INSERT INTO streams VALUES (183,27,2,'2024-05-21 12:37:00',143220);
INSERT INTO streams VALUES (184,30,6,'2024-02-07 06:17:00',105858);
INSERT INTO streams VALUES (185,70,5,'2024-02-14 09:42:00',43516);
INSERT INTO streams VALUES (186,70,4,'2024-05-30 16:01:00',121355);
INSERT INTO streams VALUES (187,4,7,'2024-05-14 09:47:00',63322);
INSERT INTO streams VALUES (188,100,6,'2024-05-11 09:28:00',294156);
INSERT INTO streams VALUES (189,40,1,'2024-06-17 22:19:00',270146);
INSERT INTO streams VALUES (190,4,1,'2024-05-02 18:27:00',86603);
INSERT INTO streams VALUES (191,57,2,'2024-01-21 16:38:00',107769);
INSERT INTO streams VALUES (192,79,10,'2024-06-11 23:45:00',200490);
INSERT INTO streams VALUES (193,40,9,'2024-03-16 20:32:00',255548);
INSERT INTO streams VALUES (194,51,9,'2024-02-25 19:28:00',149796);
INSERT INTO streams VALUES (195,59,7,'2024-04-16 09:20:00',253747);
INSERT INTO streams VALUES (196,79,6,'2024-02-09 21:04:00',77828);
INSERT INTO streams VALUES (197,12,7,'2024-01-25 17:51:00',98217);
INSERT INTO streams VALUES (198,76,9,'2024-05-23 16:42:00',94084);
INSERT INTO streams VALUES (199,86,7,'2024-01-14 15:38:00',193813);
INSERT INTO streams VALUES (200,12,9,'2024-02-24 10:42:00',282806);
INSERT INTO streams VALUES (201,51,6,'2024-05-22 17:07:00',176049);
INSERT INTO streams VALUES (202,55,9,'2024-06-08 23:01:00',170219);
INSERT INTO streams VALUES (203,79,5,'2024-03-27 17:00:00',125108);
INSERT INTO streams VALUES (204,73,7,'2024-01-18 10:47:00',46073);
INSERT INTO streams VALUES (205,36,4,'2024-04-06 19:29:00',208727);
INSERT INTO streams VALUES (206,37,6,'2024-05-25 08:56:00',57582);
INSERT INTO streams VALUES (207,40,1,'2024-06-21 08:17:00',262318);
INSERT INTO streams VALUES (208,63,10,'2024-04-23 19:17:00',143020);
INSERT INTO streams VALUES (209,15,6,'2024-04-20 09:18:00',285135);
INSERT INTO streams VALUES (210,40,1,'2024-02-26 18:38:00',58721);
INSERT INTO streams VALUES (211,37,4,'2024-02-05 14:18:00',202030);
INSERT INTO streams VALUES (212,20,7,'2024-02-14 10:24:00',150644);
INSERT INTO streams VALUES (213,86,6,'2024-01-19 18:55:00',52178);
INSERT INTO streams VALUES (214,59,2,'2024-03-21 19:36:00',242034);
INSERT INTO streams VALUES (215,54,5,'2024-01-30 18:01:00',200272);
INSERT INTO streams VALUES (216,40,8,'2024-06-25 17:05:00',258962);
INSERT INTO streams VALUES (217,32,7,'2024-05-30 18:33:00',71233);
INSERT INTO streams VALUES (218,37,6,'2024-02-26 16:49:00',118149);
INSERT INTO streams VALUES (219,51,9,'2024-05-10 12:57:00',213173);
INSERT INTO streams VALUES (220,4,4,'2024-01-27 10:16:00',133427);
INSERT INTO streams VALUES (221,4,2,'2024-02-15 21:29:00',265355);
INSERT INTO streams VALUES (222,73,10,'2024-03-23 16:09:00',260562);
INSERT INTO streams VALUES (223,8,5,'2024-03-11 07:22:00',295990);
INSERT INTO streams VALUES (224,8,8,'2024-01-10 07:23:00',180511);
INSERT INTO streams VALUES (225,24,10,'2024-06-01 22:24:00',272594);
INSERT INTO streams VALUES (226,95,1,'2024-04-25 12:20:00',279366);
INSERT INTO streams VALUES (227,8,8,'2024-01-27 16:45:00',74212);
INSERT INTO streams VALUES (228,23,1,'2024-03-04 20:28:00',113228);
INSERT INTO streams VALUES (229,37,7,'2024-04-14 16:43:00',57454);
INSERT INTO streams VALUES (230,83,6,'2024-01-17 16:06:00',232670);
INSERT INTO streams VALUES (231,40,3,'2024-03-26 08:37:00',104149);
INSERT INTO streams VALUES (232,40,7,'2024-02-03 08:19:00',227488);
INSERT INTO streams VALUES (233,43,3,'2024-06-20 22:05:00',251986);
INSERT INTO streams VALUES (234,3,6,'2024-03-20 11:13:00',209166);
INSERT INTO streams VALUES (235,63,4,'2024-02-27 10:09:00',70456);
INSERT INTO streams VALUES (236,51,9,'2024-05-18 22:02:00',206561);
INSERT INTO streams VALUES (237,80,3,'2024-06-01 18:09:00',115064);
INSERT INTO streams VALUES (238,40,3,'2024-04-22 07:26:00',220997);
INSERT INTO streams VALUES (239,31,8,'2024-06-05 15:48:00',265367);
INSERT INTO streams VALUES (240,88,5,'2024-04-30 12:23:00',260999);
INSERT INTO streams VALUES (241,37,7,'2024-05-08 22:26:00',114965);
INSERT INTO streams VALUES (242,78,3,'2024-03-05 07:41:00',281967);
INSERT INTO streams VALUES (243,71,2,'2024-05-12 09:18:00',73974);
INSERT INTO streams VALUES (244,35,8,'2024-05-11 10:53:00',259361);
INSERT INTO streams VALUES (245,88,8,'2024-03-30 06:26:00',57921);
INSERT INTO streams VALUES (246,70,4,'2024-04-08 08:23:00',147722);
INSERT INTO streams VALUES (247,51,6,'2024-02-07 10:02:00',180407);
INSERT INTO streams VALUES (248,61,3,'2024-06-29 21:28:00',32753);
INSERT INTO streams VALUES (249,3,5,'2024-02-25 10:35:00',251907);
INSERT INTO streams VALUES (250,37,4,'2024-03-18 09:03:00',155010);
INSERT INTO streams VALUES (251,80,8,'2024-01-17 09:53:00',292054);
INSERT INTO streams VALUES (252,3,9,'2024-05-27 13:45:00',105275);
INSERT INTO streams VALUES (253,17,10,'2024-03-31 13:36:00',248401);
INSERT INTO streams VALUES (254,24,9,'2024-04-02 08:33:00',295985);
INSERT INTO streams VALUES (255,65,9,'2024-01-06 18:55:00',276486);
INSERT INTO streams VALUES (256,47,6,'2024-03-05 06:22:00',65420);
INSERT INTO streams VALUES (257,51,10,'2024-03-26 10:02:00',214706);
INSERT INTO streams VALUES (258,83,3,'2024-06-24 20:44:00',280888);
INSERT INTO streams VALUES (259,18,2,'2024-04-27 07:18:00',135691);
INSERT INTO streams VALUES (260,31,1,'2024-03-21 15:32:00',238784);
INSERT INTO streams VALUES (261,70,8,'2024-03-05 07:48:00',130193);
INSERT INTO streams VALUES (262,7,6,'2024-03-10 09:51:00',222948);
INSERT INTO streams VALUES (263,52,8,'2024-04-08 16:11:00',290153);
INSERT INTO streams VALUES (264,48,9,'2024-03-09 08:46:00',252560);
INSERT INTO streams VALUES (265,40,3,'2024-05-19 15:20:00',83790);
INSERT INTO streams VALUES (266,37,5,'2024-04-24 19:10:00',262735);
INSERT INTO streams VALUES (267,7,6,'2024-06-06 19:17:00',60072);
INSERT INTO streams VALUES (268,47,6,'2024-05-11 11:01:00',104857);
INSERT INTO streams VALUES (269,87,8,'2024-01-09 10:04:00',153729);
INSERT INTO streams VALUES (270,47,6,'2024-04-08 07:38:00',110445);
INSERT INTO streams VALUES (271,48,6,'2024-04-23 08:36:00',102191);
INSERT INTO streams VALUES (272,51,6,'2024-06-15 14:15:00',89479);
INSERT INTO streams VALUES (273,26,8,'2024-05-12 18:58:00',91740);
INSERT INTO streams VALUES (274,79,8,'2024-02-24 15:44:00',287530);
INSERT INTO streams VALUES (275,4,2,'2024-04-25 11:57:00',263366);
INSERT INTO streams VALUES (276,88,6,'2024-06-19 17:45:00',64046);
INSERT INTO streams VALUES (277,38,5,'2024-02-10 11:50:00',219526);
INSERT INTO streams VALUES (278,16,4,'2024-02-05 13:50:00',289009);
INSERT INTO streams VALUES (279,60,10,'2024-04-04 20:51:00',98037);
INSERT INTO streams VALUES (280,12,2,'2024-03-20 18:45:00',280958);
INSERT INTO streams VALUES (281,99,7,'2024-05-27 08:08:00',196213);
INSERT INTO streams VALUES (282,58,8,'2024-06-23 22:22:00',97284);
INSERT INTO streams VALUES (283,100,9,'2024-06-12 11:49:00',97650);
INSERT INTO streams VALUES (284,8,2,'2024-05-12 10:19:00',116327);
INSERT INTO streams VALUES (285,88,6,'2024-05-12 15:54:00',71345);
INSERT INTO streams VALUES (286,60,5,'2024-02-02 15:39:00',78983);
INSERT INTO streams VALUES (287,22,10,'2024-05-28 10:10:00',207009);
INSERT INTO streams VALUES (288,73,1,'2024-01-08 08:02:00',168755);
INSERT INTO streams VALUES (289,99,10,'2024-04-16 06:31:00',181871);
INSERT INTO streams VALUES (290,39,8,'2024-03-03 18:19:00',267787);
INSERT INTO streams VALUES (291,7,3,'2024-04-22 19:30:00',273501);
INSERT INTO streams VALUES (292,40,3,'2024-03-21 16:46:00',211073);
INSERT INTO streams VALUES (293,17,6,'2024-05-11 23:06:00',197308);
INSERT INTO streams VALUES (294,51,5,'2024-04-25 13:09:00',80757);
INSERT INTO streams VALUES (295,47,10,'2024-04-17 13:55:00',113728);
INSERT INTO streams VALUES (296,74,6,'2024-02-18 11:31:00',299864);
INSERT INTO streams VALUES (297,40,8,'2024-01-06 08:25:00',294998);
INSERT INTO streams VALUES (298,31,4,'2024-05-29 17:03:00',56497);
INSERT INTO streams VALUES (299,40,8,'2024-03-14 23:00:00',86359);
INSERT INTO streams VALUES (300,34,6,'2024-04-13 17:02:00',240020);
INSERT INTO streams VALUES (301,60,4,'2024-04-02 23:18:00',68551);
INSERT INTO streams VALUES (302,8,9,'2024-03-12 09:08:00',80688);
INSERT INTO streams VALUES (303,85,9,'2024-04-03 10:12:00',296926);
INSERT INTO streams VALUES (304,6,1,'2024-01-10 10:45:00',204609);
INSERT INTO streams VALUES (305,67,8,'2024-02-08 22:08:00',201948);
INSERT INTO streams VALUES (306,41,3,'2024-04-10 15:37:00',206356);
INSERT INTO streams VALUES (307,66,9,'2024-05-05 15:30:00',38722);
INSERT INTO streams VALUES (308,51,7,'2024-05-29 15:50:00',43970);
INSERT INTO streams VALUES (309,34,10,'2024-05-27 13:46:00',56924);
INSERT INTO streams VALUES (310,22,9,'2024-06-10 18:09:00',156980);
INSERT INTO streams VALUES (311,51,4,'2024-01-05 20:20:00',249561);
INSERT INTO streams VALUES (312,31,7,'2024-05-08 21:55:00',62653);
INSERT INTO streams VALUES (313,67,4,'2024-05-23 16:42:00',280804);
INSERT INTO streams VALUES (314,41,3,'2024-04-27 23:21:00',215748);
INSERT INTO streams VALUES (315,93,5,'2024-06-05 21:12:00',159247);
INSERT INTO streams VALUES (316,37,4,'2024-03-17 15:45:00',138673);
INSERT INTO streams VALUES (317,63,6,'2024-05-02 17:35:00',173370);
INSERT INTO streams VALUES (318,12,9,'2024-04-07 18:52:00',210949);
INSERT INTO streams VALUES (319,19,5,'2024-01-11 15:45:00',71434);
INSERT INTO streams VALUES (320,8,5,'2024-05-02 12:12:00',172151);
INSERT INTO streams VALUES (321,90,5,'2024-02-05 09:39:00',155452);
INSERT INTO streams VALUES (322,36,4,'2024-06-12 13:03:00',82532);
INSERT INTO streams VALUES (323,92,8,'2024-01-26 10:00:00',112806);
INSERT INTO streams VALUES (324,61,8,'2024-06-15 12:48:00',180599);
INSERT INTO streams VALUES (325,7,2,'2024-06-15 13:34:00',49555);
INSERT INTO streams VALUES (326,23,7,'2024-02-15 07:53:00',238139);
INSERT INTO streams VALUES (327,24,5,'2024-01-10 06:19:00',86256);
INSERT INTO streams VALUES (328,43,5,'2024-04-26 23:33:00',288952);
INSERT INTO streams VALUES (329,18,9,'2024-04-29 14:12:00',89059);
INSERT INTO streams VALUES (330,8,5,'2024-02-17 06:47:00',206743);
INSERT INTO streams VALUES (331,73,4,'2024-02-14 18:52:00',254239);
INSERT INTO streams VALUES (332,12,7,'2024-06-20 09:11:00',103721);
INSERT INTO streams VALUES (333,32,1,'2024-03-07 18:15:00',264218);
INSERT INTO streams VALUES (334,43,5,'2024-05-29 06:16:00',218508);
INSERT INTO streams VALUES (335,8,2,'2024-04-29 15:10:00',242555);
INSERT INTO streams VALUES (336,91,5,'2024-06-25 09:40:00',184684);
INSERT INTO streams VALUES (337,88,4,'2024-02-04 21:09:00',268539);
INSERT INTO streams VALUES (338,78,6,'2024-04-16 23:58:00',276849);
INSERT INTO streams VALUES (339,86,4,'2024-03-04 08:33:00',264224);
INSERT INTO streams VALUES (340,47,2,'2024-05-24 09:03:00',295020);
INSERT INTO streams VALUES (341,60,3,'2024-02-12 16:54:00',261651);
INSERT INTO streams VALUES (342,31,10,'2024-05-05 08:57:00',297583);
INSERT INTO streams VALUES (343,8,8,'2024-02-03 22:26:00',269493);
INSERT INTO streams VALUES (344,72,8,'2024-06-21 15:46:00',41413);
INSERT INTO streams VALUES (345,17,4,'2024-05-28 08:02:00',252139);
INSERT INTO streams VALUES (346,24,9,'2024-01-16 08:59:00',277501);
INSERT INTO streams VALUES (347,53,3,'2024-02-04 19:23:00',230529);
INSERT INTO streams VALUES (348,49,7,'2024-01-21 23:08:00',212331);
INSERT INTO streams VALUES (349,60,7,'2024-05-15 10:46:00',146753);
INSERT INTO streams VALUES (350,97,1,'2024-03-17 20:43:00',252365);
INSERT INTO streams VALUES (351,30,4,'2024-04-27 17:09:00',174519);
INSERT INTO streams VALUES (352,51,1,'2024-06-18 19:39:00',38202);
INSERT INTO streams VALUES (353,24,2,'2024-06-01 07:28:00',55520);
INSERT INTO streams VALUES (354,7,7,'2024-04-22 13:34:00',143911);
INSERT INTO streams VALUES (355,100,1,'2024-02-05 22:18:00',152768);
INSERT INTO streams VALUES (356,94,10,'2024-03-22 16:15:00',188211);
INSERT INTO streams VALUES (357,85,9,'2024-02-26 19:19:00',174259);
INSERT INTO streams VALUES (358,12,3,'2024-06-09 19:35:00',289848);
INSERT INTO streams VALUES (359,70,7,'2024-05-14 16:44:00',248274);
INSERT INTO streams VALUES (360,39,7,'2024-02-17 23:30:00',156336);
INSERT INTO streams VALUES (361,39,3,'2024-04-28 07:35:00',246361);
INSERT INTO streams VALUES (362,72,9,'2024-02-04 18:15:00',163691);
INSERT INTO streams VALUES (363,24,8,'2024-04-04 08:34:00',129867);
INSERT INTO streams VALUES (364,47,10,'2024-06-03 07:55:00',68159);
INSERT INTO streams VALUES (365,12,9,'2024-02-25 21:13:00',204569);
INSERT INTO streams VALUES (366,17,4,'2024-02-18 09:47:00',281092);
INSERT INTO streams VALUES (367,90,10,'2024-06-29 12:25:00',155478);
INSERT INTO streams VALUES (368,100,5,'2024-04-07 20:34:00',218355);
INSERT INTO streams VALUES (369,70,9,'2024-05-07 20:06:00',276148);
INSERT INTO streams VALUES (370,41,4,'2024-04-04 16:26:00',53968);
INSERT INTO streams VALUES (371,29,3,'2024-01-05 14:35:00',248931);
INSERT INTO streams VALUES (372,31,6,'2024-02-28 18:36:00',158833);
INSERT INTO streams VALUES (373,84,6,'2024-03-06 21:46:00',287213);
INSERT INTO streams VALUES (374,94,6,'2024-02-13 10:46:00',286018);
INSERT INTO streams VALUES (375,60,1,'2024-05-14 07:53:00',68970);
INSERT INTO streams VALUES (376,86,1,'2024-01-02 19:08:00',151337);
INSERT INTO streams VALUES (377,4,1,'2024-02-25 22:29:00',225664);
INSERT INTO streams VALUES (378,40,8,'2024-06-17 21:01:00',33466);
INSERT INTO streams VALUES (379,53,1,'2024-01-05 22:46:00',174043);
INSERT INTO streams VALUES (380,37,1,'2024-05-08 19:51:00',123987);
INSERT INTO streams VALUES (381,51,9,'2024-02-08 13:12:00',162339);
INSERT INTO streams VALUES (382,35,7,'2024-01-21 17:25:00',270647);
INSERT INTO streams VALUES (383,90,4,'2024-03-17 08:41:00',46611);
INSERT INTO streams VALUES (384,47,7,'2024-05-21 21:03:00',34954);
INSERT INTO streams VALUES (385,11,8,'2024-04-21 16:36:00',79997);
INSERT INTO streams VALUES (386,6,4,'2024-02-24 21:17:00',54411);
INSERT INTO streams VALUES (387,88,5,'2024-05-19 07:11:00',194880);
INSERT INTO streams VALUES (388,31,10,'2024-02-06 18:59:00',70337);
INSERT INTO streams VALUES (389,12,4,'2024-05-25 18:43:00',203921);
INSERT INTO streams VALUES (390,4,2,'2024-05-08 17:03:00',81215);
INSERT INTO streams VALUES (391,10,6,'2024-06-03 18:49:00',201115);
INSERT INTO streams VALUES (392,79,8,'2024-05-05 13:22:00',226831);
INSERT INTO streams VALUES (393,88,10,'2024-06-18 18:05:00',184863);
INSERT INTO streams VALUES (394,92,2,'2024-01-22 14:09:00',229229);
INSERT INTO streams VALUES (395,82,3,'2024-04-09 16:23:00',85863);
INSERT INTO streams VALUES (396,37,8,'2024-04-02 14:06:00',99471);
INSERT INTO streams VALUES (397,53,8,'2024-05-22 23:32:00',243932);
INSERT INTO streams VALUES (398,24,6,'2024-05-21 08:38:00',200094);
INSERT INTO streams VALUES (399,2,5,'2024-04-15 18:49:00',74406);
INSERT INTO streams VALUES (400,72,4,'2024-05-26 22:10:00',229613);
INSERT INTO streams VALUES (401,79,5,'2024-03-09 21:09:00',63170);
INSERT INTO streams VALUES (402,79,7,'2024-03-17 21:50:00',70328);
INSERT INTO streams VALUES (403,88,8,'2024-06-01 12:29:00',86084);
INSERT INTO streams VALUES (404,17,7,'2024-03-26 18:51:00',202774);
INSERT INTO streams VALUES (405,56,10,'2024-02-04 15:20:00',135304);
INSERT INTO streams VALUES (406,23,7,'2024-03-22 15:47:00',287429);
INSERT INTO streams VALUES (407,32,6,'2024-04-06 14:52:00',236011);
INSERT INTO streams VALUES (408,12,4,'2024-05-31 23:11:00',44111);
INSERT INTO streams VALUES (409,60,4,'2024-04-22 15:53:00',66259);
INSERT INTO streams VALUES (410,53,8,'2024-02-05 15:15:00',162477);
INSERT INTO streams VALUES (411,92,7,'2024-04-06 08:28:00',281257);
INSERT INTO streams VALUES (412,69,9,'2024-06-26 19:34:00',49275);
INSERT INTO streams VALUES (413,47,9,'2024-06-01 08:06:00',160144);
INSERT INTO streams VALUES (414,46,3,'2024-06-14 07:36:00',239514);
INSERT INTO streams VALUES (415,43,7,'2024-01-28 06:06:00',165653);
INSERT INTO streams VALUES (416,36,9,'2024-05-28 13:28:00',226146);
INSERT INTO streams VALUES (417,12,9,'2024-02-08 17:01:00',283111);
INSERT INTO streams VALUES (418,53,2,'2024-01-30 10:22:00',193520);
INSERT INTO streams VALUES (419,31,9,'2024-05-03 17:30:00',81182);
INSERT INTO streams VALUES (420,90,8,'2024-03-22 08:19:00',53426);
INSERT INTO streams VALUES (421,15,1,'2024-03-28 09:43:00',116168);
INSERT INTO streams VALUES (422,95,4,'2024-05-12 11:35:00',113957);
INSERT INTO streams VALUES (423,53,8,'2024-02-29 18:40:00',126705);
INSERT INTO streams VALUES (424,53,7,'2024-01-08 12:28:00',255209);
INSERT INTO streams VALUES (425,31,4,'2024-03-12 08:36:00',83347);
INSERT INTO streams VALUES (426,69,3,'2024-04-03 16:12:00',269888);
INSERT INTO streams VALUES (427,20,9,'2024-06-12 16:38:00',233758);
INSERT INTO streams VALUES (428,76,2,'2024-03-30 17:54:00',270050);
INSERT INTO streams VALUES (429,87,5,'2024-06-06 08:43:00',100227);
INSERT INTO streams VALUES (430,88,5,'2024-01-30 11:23:00',104112);
INSERT INTO streams VALUES (431,54,10,'2024-02-05 18:27:00',127388);
INSERT INTO streams VALUES (432,69,3,'2024-05-22 11:31:00',181432);
INSERT INTO streams VALUES (433,85,8,'2024-06-07 07:55:00',218239);
INSERT INTO streams VALUES (434,63,3,'2024-02-19 18:35:00',294995);
INSERT INTO streams VALUES (435,53,8,'2024-04-16 20:31:00',117688);
INSERT INTO streams VALUES (436,17,4,'2024-03-15 07:17:00',147882);
INSERT INTO streams VALUES (437,22,8,'2024-05-24 21:35:00',297809);
INSERT INTO streams VALUES (438,51,5,'2024-05-19 17:34:00',51815);
INSERT INTO streams VALUES (439,57,9,'2024-02-25 19:06:00',159777);
INSERT INTO streams VALUES (440,7,8,'2024-03-08 17:55:00',75604);
INSERT INTO streams VALUES (441,16,4,'2024-02-23 17:55:00',254482);
INSERT INTO streams VALUES (442,4,4,'2024-02-22 07:36:00',213928);
INSERT INTO streams VALUES (443,77,9,'2024-02-13 16:45:00',183424);
INSERT INTO streams VALUES (444,79,9,'2024-06-22 09:08:00',245794);
INSERT INTO streams VALUES (445,36,3,'2024-06-28 10:15:00',106673);
INSERT INTO streams VALUES (446,32,7,'2024-05-05 10:36:00',170885);
INSERT INTO streams VALUES (447,49,8,'2024-01-20 08:25:00',175870);
INSERT INTO streams VALUES (448,48,8,'2024-05-04 16:37:00',31296);
INSERT INTO streams VALUES (449,94,2,'2024-04-27 17:54:00',63203);
INSERT INTO streams VALUES (450,51,4,'2024-04-19 12:31:00',170790);
INSERT INTO streams VALUES (451,37,6,'2024-05-20 10:36:00',284456);
INSERT INTO streams VALUES (452,88,1,'2024-01-12 09:40:00',270953);
INSERT INTO streams VALUES (453,26,8,'2024-04-26 06:27:00',136073);
INSERT INTO streams VALUES (454,17,5,'2024-02-10 14:05:00',218971);
INSERT INTO streams VALUES (455,70,3,'2024-01-14 18:40:00',190174);
INSERT INTO streams VALUES (456,97,4,'2024-04-19 08:45:00',79903);
INSERT INTO streams VALUES (457,20,2,'2024-02-03 13:33:00',263343);
INSERT INTO streams VALUES (458,85,2,'2024-04-18 10:30:00',67134);
INSERT INTO streams VALUES (459,24,2,'2024-01-27 16:23:00',186895);
INSERT INTO streams VALUES (460,4,3,'2024-01-18 22:36:00',34443);
INSERT INTO streams VALUES (461,22,8,'2024-03-30 12:40:00',109363);
INSERT INTO streams VALUES (462,79,8,'2024-02-25 08:57:00',82672);
INSERT INTO streams VALUES (463,51,10,'2024-04-08 17:27:00',194890);
INSERT INTO streams VALUES (464,32,5,'2024-06-14 08:15:00',179380);
INSERT INTO streams VALUES (465,89,1,'2024-06-17 15:13:00',297136);
INSERT INTO streams VALUES (466,47,5,'2024-06-14 07:50:00',155483);
INSERT INTO streams VALUES (467,15,4,'2024-05-07 08:33:00',36326);
INSERT INTO streams VALUES (468,41,3,'2024-04-09 19:23:00',120581);
INSERT INTO streams VALUES (469,99,2,'2024-01-05 08:00:00',167460);
INSERT INTO streams VALUES (470,7,7,'2024-05-09 15:40:00',292693);
INSERT INTO streams VALUES (471,55,7,'2024-01-22 23:34:00',110048);
INSERT INTO streams VALUES (472,37,2,'2024-05-10 12:51:00',111462);
INSERT INTO streams VALUES (473,51,10,'2024-06-11 08:19:00',259368);
INSERT INTO streams VALUES (474,31,1,'2024-03-03 08:59:00',257794);
INSERT INTO streams VALUES (475,40,10,'2024-01-15 15:42:00',122089);
INSERT INTO streams VALUES (476,4,1,'2024-02-11 21:22:00',165920);
INSERT INTO streams VALUES (477,4,5,'2024-01-31 06:21:00',255089);
INSERT INTO streams VALUES (478,24,5,'2024-05-27 08:31:00',268654);
INSERT INTO streams VALUES (479,8,8,'2024-05-25 11:23:00',112475);
INSERT INTO streams VALUES (480,51,10,'2024-06-21 09:14:00',296770);
INSERT INTO streams VALUES (481,17,4,'2024-01-12 21:23:00',230791);
INSERT INTO streams VALUES (482,23,1,'2024-05-21 19:14:00',198716);
INSERT INTO streams VALUES (483,85,5,'2024-01-20 17:07:00',293214);
INSERT INTO streams VALUES (484,7,3,'2024-02-27 22:02:00',240200);
INSERT INTO streams VALUES (485,8,5,'2024-03-20 16:05:00',269466);
INSERT INTO streams VALUES (486,31,5,'2024-05-24 15:47:00',157183);
INSERT INTO streams VALUES (487,76,8,'2024-02-20 23:48:00',158517);
INSERT INTO streams VALUES (488,53,1,'2024-02-29 23:22:00',35030);
INSERT INTO streams VALUES (489,1,7,'2024-03-19 09:13:00',154868);
INSERT INTO streams VALUES (490,8,3,'2024-03-12 08:02:00',151358);
INSERT INTO streams VALUES (491,67,7,'2024-06-28 17:29:00',74513);
INSERT INTO streams VALUES (492,65,3,'2024-06-12 18:04:00',62654);
INSERT INTO streams VALUES (493,17,4,'2024-03-15 14:54:00',195155);
INSERT INTO streams VALUES (494,51,6,'2024-03-22 20:17:00',152479);
INSERT INTO streams VALUES (495,31,3,'2024-05-29 09:09:00',85395);
INSERT INTO streams VALUES (496,8,6,'2024-04-14 09:34:00',217845);
INSERT INTO streams VALUES (497,27,8,'2024-03-19 20:16:00',92869);
INSERT INTO streams VALUES (498,37,10,'2024-01-11 12:53:00',201858);
INSERT INTO streams VALUES (499,88,6,'2024-04-11 22:03:00',186678);
INSERT INTO streams VALUES (500,26,1,'2024-04-13 20:35:00',160994);
